,cant_carga,total_trips,demanda,latitude,longitude
,,,0,-12.038805,-76.947609
0,20,1,20,-12.22318,-76.97934
1,0,0,0,-12.22196,-76.97573
2,180,3,540,-12.22297,-76.97526
3,0,0,0,-12.22778,-76.97404
4,0,0,0,-12.22739,-76.97384
5,200,4,800,-12.2268,-76.97345
6,10,2,20,-12.22521,-76.97292
7,0,0,0,-12.22811,-76.96965
8,0,0,0,-12.22891,-76.96959
9,0,0,0,-12.22817,-76.96957
10,128,4,512,-12.23089,-76.96677
11,30,2,60,-11.96299,-77.01987
12,30,2,60,-12.00862,-76.9768
13,35,37,1295,-12.00912,-76.97629
14,0,0,0,-12.00759,-76.97502
15,20,2,40,-12.0911282735856,-77.036468423903
16,15,3,45,-12.0913922,-77.0379104
17,42,2,84,-12.0910028,-77.0356114
18,0,0,0,-12.0918862,-77.0346093
19,0,0,0,-12.1013592541055,-77.035934664309
20,0,0,0,-12.1011973081561,-77.036138176918
21,20,1,20,-12.1037484371928,-77.0361713692546
22,65,4,260,-12.1032591,-77.0307201
23,0,0,0,-12.1032331,-77.0306406
24,0,0,0,-12.103308,-77.0311031
25,21,3,63,-12.1033049,-77.0313276
26,45,6,270,-12.1025038501921,-77.0307034414446
27,30,4,120,-12.1031200001884,-77.0306493714452
28,9,2,18,-12.1004714,-77.0303379
29,30,2,60,-12.1011107621025,-77.0308002457023
30,35,2,70,-12.1006773757606,-77.0308713242412
31,20,1,20,-12.1008491568153,-77.0308465138078
32,25,4,100,-12.0961552981362,-77.0315073430538
33,30,3,90,-12.0985910794812,-77.0308394730091
34,14,2,28,-12.0972629,-77.0313743
35,18,2,36,-12.0961737,-77.0315519
36,10,2,20,-12.0896052,-77.049238
37,8,1,8,-12.0918812,-77.0515987
38,0,0,0,-12.0976269990318,-77.0455595199736
39,70,1,70,-12.0976574672499,-77.0455623698207
40,800,7,5600,-12.0962958196266,-77.0516591546857
41,0,0,0,-12.0962424343565,-77.0518132579299
42,10,1,10,-12.0958796842873,-77.0526792986581
43,40,7,280,-12.0966984,-77.0535241
44,25,4,100,-12.0969298,-77.0535526
45,0,0,0,-12.0969909,-77.0535192
46,10,2,20,-12.1062205290335,-77.0563405522146
47,0,0,0,-12.1054777409994,-77.0474354737224
48,10,2,20,-12.1075107716137,-77.0407237485769
49,50,2,100,-12.0990075,-77.036104
50,0,0,0,-12.098385,-77.0362686
51,0,0,0,-12.0962142,-77.0362194
52,5,2,10,-12.0894045196586,-77.0472885389598
53,150,1,150,-12.0895049767681,-77.0473922231021
54,13,2,26,-12.089529661473,-77.0475570113184
55,0,0,0,-12.0894624386095,-77.047624485639
56,0,0,0,-12.092076764527,-77.0474559684406
57,10,1,10,-12.0972711453327,-77.0456849970641
58,0,0,0,-12.0966274989882,-77.0536649041595
59,0,0,0,-12.0965181151518,-77.0562881883951
60,10,2,20,-12.0966474060082,-77.0561128389808
61,0,0,0,-12.096845135104,-77.0565315150442
62,8,2,16,-12.0928919362017,-77.0565514639738
63,100,6,600,-12.1009689476454,-77.0549589023712
64,100,7,700,-12.1011247253158,-77.0540503040674
65,0,0,0,-12.0750633735524,-77.0875450361366
66,0,0,0,-12.0751135512893,-77.0874096080661
67,0,0,0,-12.0751135512893,-77.0874096080661
68,0,0,0,-12.0761349297116,-77.0831563994462
69,0,0,0,-12.0751073219897,-77.0875205844641
70,0,0,0,-12.0749576982151,-77.087570933103
71,0,0,0,-12.0749576982151,-77.087570933103
72,0,0,0,-12.0750148660517,-77.0874947682023
73,0,0,0,-12.0742759253268,-77.087381297604
74,0,0,0,-12.0740561331032,-77.0870886423751
75,0,0,0,-12.0740270280984,-77.0870957896113
76,0,0,0,-12.073857196978,-77.0868996530771
77,30,6,180,-12.0712202107668,-77.0901702716947
78,0,0,0,-12.0712937491389,-77.0903070574787
79,30,6,180,-12.0712202107668,-77.0901702716947
80,0,2,0,-12.0716624970991,-77.0892526209354
81,0,0,0,-12.0718660993832,-77.0894246175885
82,50,3,150,-12.0702838334392,-77.0943538472056
83,0,0,0,-12.0645497717363,-77.1040928088042
84,50,4,200,-12.0645497717363,-77.1040928088042
85,0,0,0,-12.070217277083,-77.0943444594741
86,0,0,0,-12.0685891001863,-77.1029885485768
87,0,0,0,-12.0679714002008,-77.1039276570082
88,700,0,0,-12.0641730385836,-77.0996649563313
89,0,0,0,-12.0642163175862,-77.1010657399893
90,0,0,0,-12.0643763186867,-77.1029191464186
91,0,0,0,-12.064449106041,-77.1035021916032
92,0,0,0,-12.0749286393858,-77.081605643034
93,0,0,0,-12.0745945517754,-77.082300670445
94,0,0,0,-12.0821956149268,-77.0761589395497
95,0,7,0,-12.0816656386309,-77.0766245465046
96,0,0,0,-12.0831993933527,-77.0790225576565
97,0,0,0,-12.0842721312875,-77.0797674035835
98,0,0,0,-12.0844376643407,-77.0797455520991
99,0,0,0,-12.0844992158266,-77.0797621265887
100,0,0,0,-12.0844794982748,-77.07961591689
101,0,0,0,-12.0844966449021,-77.0796163403192
102,0,0,0,-12.0852771013311,-77.080179306955
103,0,2,0,-12.0897421454178,-77.0782601256841
104,0,2,0,-12.0897421454178,-77.0782601256841
105,0,0,0,-12.0840963578902,-77.0776509427339
106,0,0,0,-12.0748984764391,-77.0816918089986
107,0,0,0,-12.110343271458,-77.045743378472
108,0,0,0,-12.0814122826424,-77.0952158421278
109,0,0,0,-12.0814122826424,-77.0952158421278
110,0,0,0,-12.0814122826424,-77.0952158421278
111,0,0,0,-12.0791792858941,-77.0774133503437
112,10,2,20,-12.0794582885615,-77.0836065709591
113,20,3,60,-12.0755135375943,-77.0773724466562
114,0,0,0,-12.0736975293979,-77.0825916901231
115,20,3,60,-12.075410918214,-77.0765523612499
116,60,2,120,-12.0807401889721,-77.0819928869605
117,25,1,25,-12.0812932730081,-77.0821246504784
118,0,2,0,-12.0821807623128,-77.0812395215034
119,0,0,0,-12.0827676117698,-77.0801931247115
120,0,0,0,-12.0833856054775,-77.0789777487516
121,0,0,0,-12.0838203312307,-77.0781016722322
122,25,1,25,-12.0833751143495,-77.0777724310756
123,40,3,120,-12.0852235136098,-77.0753698423505
124,0,0,0,-12.0845015968654,-77.0767776668072
125,0,0,0,-12.0846215886119,-77.0763880759478
126,8,1,8,-12.0869686294665,-77.0733658969402
127,0,3,0,-12.0842721312875,-77.0797674035835
128,0,0,0,-12.0844376643407,-77.0797455520991
129,0,0,0,-12.0852771013311,-77.080179306955
130,0,2,0,-12.0897421454178,-77.0782601256841
131,0,0,0,-12.0847266603815,-77.0798553062646
132,0,7,0,-12.0844992158266,-77.0797621265887
133,0,0,0,-12.0831993933527,-77.0790225576565
134,0,0,0,-12.0840963578902,-77.0776509427339
135,0,1,0,-12.0844330415233,-77.0773549629808
136,0,0,0,-12.0821956149268,-77.0761589395497
137,0,7,0,-12.0816656386309,-77.0766245465046
138,0,0,0,-12.0844966449021,-77.0796163403192
139,0,3,0,-12.0844794982748,-77.07961591689
140,0,0,0,-12.0846215886119,-77.0763880759478
141,0,0,0,-12.0845015968654,-77.0767776668072
142,40,3,120,-12.0852235136098,-77.0753698423505
143,25,1,25,-12.0833751143495,-77.0777724310756
144,8,1,8,-12.0869686294665,-77.0733658969402
145,0,0,0,-12.0838203312307,-77.0781016722322
146,0,0,0,-12.0833856054775,-77.0789777487516
147,0,0,0,-12.0827676117698,-77.0801931247115
148,0,2,0,-12.0821807623128,-77.0812395215034
149,25,1,25,-12.0812932730081,-77.0821246504784
150,60,2,120,-12.0807401889721,-77.0819928869605
151,20,3,60,-12.075410918214,-77.0765523612499
152,0,0,0,-12.0736975293979,-77.0825916901231
153,10,2,20,-12.0794582885615,-77.0836065709591
154,0,0,0,-12.0791792858941,-77.0774133503437
155,0,3,0,-12.0844794982748,-77.07961591689
156,0,0,0,-12.0844966449021,-77.0796163403192
157,0,0,0,-12.1103500507194,-77.0246821269393
158,0,0,0,-12.1098452156417,-77.0235381647944
159,0,0,0,-12.1100343650002,-77.0220418274403
160,10,1,10,-12.1099904377781,-77.0215908810496
161,5,3,15,-12.109594436823,-77.020547837019
162,0,0,0,-12.1089201192759,-77.0204653590918
163,0,0,0,-12.1089974839424,-77.0203151553869
164,0,0,0,-12.1089997786567,-77.0202883332968
165,0,0,0,-12.1089168411115,-77.0202802866697
166,0,0,0,-12.1099694576098,-77.0204080268741
167,10,4,40,-12.1099471661791,-77.0201921090484
168,20,1,20,-12.109937659539,-77.0200358703732
169,0,0,0,-12.1091489350467,-77.0238047093153
170,0,0,0,-12.1093092370959,-77.0236806571484
171,0,0,0,-12.1091486072305,-77.0237581059337
172,30,3,90,-12.109216137349,-77.0235230773687
173,0,0,0,-12.110518219595,-77.023507989943
174,0,0,0,-12.1111341822721,-77.0231760665774
175,0,0,0,-12.1112341654358,-77.0228873938322
176,0,0,0,-12.1128591324575,-77.0234697684646
177,0,0,0,-12.1131764538929,-77.0227506011724
178,0,0,0,-12.1107693253603,-77.0246687158942
179,0,0,0,-12.1105706699049,-77.0246817916632
180,0,0,0,-12.1109096297843,-77.0246663689613
181,0,0,0,-12.1111174637722,-77.0246408879757
182,0,0,0,-12.1138366648441,-77.0233587920666
183,0,0,0,-12.1139435310114,-77.0232528448105
184,0,0,0,-12.1144886789228,-77.0232863724232
185,0,0,0,-12.1147086390697,-77.0232374221087
186,10,3,30,-12.1157045219376,-77.0229638367891
187,0,0,0,-12.1082035115963,-77.0103688538074
188,0,0,0,-12.1083802050683,-77.0106156170368
189,0,5,0,-12.1084323279811,-77.010914683342
190,0,4,0,-12.108445112845,-77.0109207183123
191,0,0,0,-12.108445768479,-77.0109244063497
192,0,0,0,-12.1087175286447,-77.0111121609807
193,0,0,0,-12.1089020893716,-77.0114869996905
194,0,4,0,-12.109045,-77.0115922
195,0,0,0,-12.1104533123222,-77.0129588618875
196,0,0,0,-12.1084641262311,-77.0138543844223
197,0,8,0,-12.1091630311407,-77.0101606473327
198,0,0,0,-12.116084021303,-77.0067843873405
199,0,0,0,-12.115025749199,-76.999581676174
200,0,0,0,-12.1181949414449,-77.0081710013819
201,50,1,50,-12.1151581334046,-76.9999644311194
202,70,2,140,-12.116348279045,-77.000275936377
203,50,1,50,-12.1153973278089,-77.0047579196042
204,30,2,60,-12.1188989189568,-77.003914140281
205,40,1,40,-12.117617677175,-77.0033224185006
206,0,0,0,-12.1176974338588,-77.0019377298649
207,50,1,50,-12.1169408048251,-77.0011897822942
208,150,2,300,-12.06271565,-76.94132913
209,70,1,70,-12.0625492371731,-76.94141672
210,0,0,0,-12.06158448,-76.94198426
211,80,1,80,-12.05894803,-76.9430035
212,0,0,0,-12.0576640593562,-76.9442460313439
213,0,0,0,-12.0579350832962,-76.944191716683
214,50,2,100,-12.0527110701794,-76.9426219537854
215,0,0,0,-12.0542980301951,-76.9413797557354
216,0,0,0,-12.05443181,-76.94145486
217,0,0,0,-12.05403638,-76.94123592
218,0,0,0,-12.05338455,-76.94021367
219,0,0,0,-12.0538120670356,-76.9399120845617
220,0,0,0,-12.05392392,-76.93956994
221,0,0,0,-12.0539902243875,-76.9384254702152
222,0,0,0,-12.05945296,-76.9393862
223,0,0,0,-12.05971658,-76.94042858
224,5,1,5,-12.0426186220833,-76.926133157757
225,0,0,0,-12.0413951816652,-76.9238299246176
226,40,2,80,-12.05372358,-76.95144977
227,80,1,80,-12.05358915,-76.95152923
228,150,2,300,-12.0536383281218,-76.9517129659653
229,0,0,0,-12.0555220158783,-76.9572443515062
230,0,0,0,-12.05445115,-76.95451185
231,30,1,30,-12.0551479,-76.95705224
232,0,0,0,-12.05538135,-76.95771072
233,10,1,10,-12.041813,-76.9195643
234,0,0,0,-12.05711912,-76.96065076
235,0,0,0,-12.05725749,-76.9601807
236,0,0,0,-12.05847162,-76.95947662
237,40,1,40,-12.05869557,-76.9593918
238,40,1,40,-12.05906115,-76.95933983
239,10,2,20,-12.0592355774828,-76.9592629653187
240,30,2,60,-12.0448083,-76.9347367
241,200,1,200,-12.055557263095,-76.9559909217776
242,240,1,240,-12.0555261243247,-76.9559780974658
243,0,0,0,-12.0558123244085,-76.9551611971827
244,0,0,0,-12.0543298591041,-76.956520406601
245,0,0,0,-12.0543288532757,-76.9595519733401
246,0,0,0,-12.0597244519853,-76.9595513866068
247,0,0,0,-12.0570546900966,-76.9611885399343
248,250,3,750,-12.0624891808369,-76.9583298918576
249,100,3,300,-12.0624476904162,-76.9580801111431
250,50,2,100,-12.0444377,-76.9346542
251,80,2,160,-12.0535777,-76.9408926
252,70,4,280,-12.057772,-76.9441308
253,80,2,160,-12.0582943,-76.9438755
254,220,2,440,-12.0584696,-76.9438152
255,40,3,120,-12.0596783,-76.9431
256,30,1,30,-12.0604763,-76.9426161
257,60,1,60,-12.0625892,-76.9414064
258,0,0,0,-12.133531114245,-76.9830817356706
259,0,0,0,-12.1434772727521,-76.9833593443036
260,50,5,250,-12.1119845296894,-76.9700435176492
261,50,4,200,-12.1106185308037,-76.9710832089186
262,50,4,200,-12.1256759302358,-76.9830106571317
263,60,3,180,-12.1255058041359,-76.9832272455096
264,50,4,200,-12.1213929152828,-76.9882909208536
265,40,3,120,-12.1209530058268,-76.9881172478199
266,100,3,300,-12.1143329693202,-76.9734298065305
267,30,3,90,-12.1137379938971,-76.973314806819
268,0,0,0,-12.1383918113302,-76.9832772016525
269,55,4,220,-12.1383131440679,-76.9817838817835
270,50,7,350,-12.1105631301735,-76.9711402058601
271,35,3,105,-12.1255661186037,-76.9837499409914
272,80,7,560,-12.1214034049182,-76.9938280060887
273,70,2,140,-12.139404650256,-76.989777199924
274,55,2,110,-12.1395403507128,-76.9896363839507
275,44,2,88,-12.1392909109311,-76.9886023923755
276,100,3,300,-12.1386428908533,-76.9883911684155
277,50,3,150,-12.1085942695447,-76.9713779166341
278,20,2,40,-12.13053743,-76.98732667
279,40,3,120,-12.1296540309849,-76.9880998134613
280,55,4,220,-12.1286005087629,-76.9977232441306
281,25,4,100,-12.1324333560322,-76.9953582063317
282,30,2,60,-12.1288181627306,-76.995945610106
283,20,2,40,-12.1331987388405,-76.997869759798
284,25,2,50,-12.1352388748254,-76.9976092502475
285,35,4,140,-12.1333154308443,-76.9991669431329
286,30,2,60,-12.134840289074,-77.0011789351702
287,35,3,105,-12.1339411744538,-76.9987290725112
288,90,3,270,-12.133580282169,-77.0138352736831
289,70,2,140,-12.1334213058485,-77.0162217691541
290,80,7,560,-12.1358773974673,-77.0044311136007
291,300,3,900,-12.1352841090259,-77.0041179656982
292,2220,3,6660,-12.1331639934588,-77.0044220611453
293,60,3,180,-12.1303341963559,-77.0076685398817
294,200,3,600,-12.1304197495641,-77.0083240047097
295,90,2,180,-12.1302568378759,-77.0079444721341
296,80,2,160,-12.1402637575366,-76.9986660405993
297,0,0,0,-12.1399648239173,-76.9990707188845
298,0,0,0,-12.1392895998147,-76.9886345788836
299,80,3,240,-12.1386776355206,-76.9884394481778
300,0,0,0,-12.1361825635489,-76.9890831783414
301,40,2,80,-12.1359311539238,-76.9897966459394
302,50,5,250,-12.1365627914752,-76.9897590950131
303,50,2,100,-12.1368184616722,-76.9896015152335
304,0,0,0,-12.1360979955398,-76.9895150139928
305,0,0,0,-12.1287942339145,-76.9878429919481
306,0,0,0,-12.1322566784892,-76.9857545569539
307,70,3,210,-12.1311874326782,-76.9875667244196
308,20,2,40,-12.146917744551,-77.0223338530185
309,25,1,25,-12.1463185642028,-77.0219939668449
310,30,1,30,-12.1458148956412,-77.0213584509464
311,0,0,0,-12.1469915891179,-77.0206743200095
312,0,0,0,-12.1477501932645,-77.0215314534279
313,0,0,0,-12.1482862997913,-77.0202900097491
314,30,2,60,-12.1503868047261,-77.0204590727361
315,20,1,20,-12.1501630079114,-77.0205951948436
316,0,0,0,-12.1463436405341,-77.0215855166316
317,25,2,50,-12.1390650630476,-77.0246423305714
318,0,0,0,-12.1397059056886,-77.0243241891815
319,30,2,60,-12.1467256811787,-77.022282926568
320,0,0,0,-12.1548162116332,-77.0213094108442
321,0,0,0,-12.1501336748974,-77.0206283635467
322,30,1,30,-12.1503977436514,-77.0204325464424
323,0,0,0,-12.1417508623887,-77.0206267064256
324,30,1,30,-12.1417003125525,-77.019410057824
325,0,0,0,-12.1426665281229,-77.0185588790456
326,0,0,0,-12.1413077065555,-77.0221494422689
327,0,0,0,-12.1430633671575,-77.0183076486893
328,0,0,0,-12.1434247514708,-77.0184912167931
329,0,0,0,-12.1360081575367,-77.021560138526
330,0,0,0,-12.1356872529093,-77.020477243035
331,0,0,0,-12.1363382397763,-77.0197612192478
332,0,0,0,-12.1370157809477,-77.0195604038802
333,0,0,0,-12.1371444741882,-77.020367097344
334,0,0,0,-12.1370289392991,-77.020343576514
335,20,3,60,-12.1373636959763,-77.0208936514278
336,0,0,0,-12.1375850088129,-77.0215367445716
337,0,0,0,-12.1425827918687,-77.0189247653606
338,20,3,60,-12.1467113820949,-77.0202890877398
339,15,3,45,-12.1547413140632,-77.0208428800106
340,0,0,0,-12.1554843451272,-77.0213384181261
341,20,1,20,-12.155567595942,-77.0215016975999
342,35,2,70,-12.1556164320378,-77.0215898752213
343,0,0,0,-12.1420212968764,-77.0207074284554
344,0,0,0,-12.1422717174273,-77.0201522111893
345,0,0,0,-12.1419291918764,-77.0213126018643
346,0,0,0,-12.1419521361854,-77.0185391977429
347,15,2,30,-12.1414116332943,-77.0220304280519
348,30,1,30,-12.1483040526619,-77.0202727516943
349,0,0,0,-12.153082292393,-77.0224541600098
350,20,2,40,-12.1531525608202,-77.022290681134
351,0,0,0,-12.1531284358077,-77.0223480172698
352,0,0,0,-12.1553342971595,-77.0225116268187
353,15,1,15,-12.1548266040506,-77.0213441279511
354,20,2,40,-12.1551468482336,-77.0210831100481
355,0,0,0,-12.1550479112825,-77.0207780326014
356,15,1,15,-12.153691801062,-77.0211732225741
357,0,0,0,-12.1522493871366,-77.021677122579
358,5,2,10,-12.1183333882014,-77.0249169237604
359,10,3,30,-12.1182827466397,-77.0247832443135
360,10,3,30,-12.118327115647,-77.0247461623969
361,12,7,84,-12.1183037725028,-77.024741805555
362,20,7,140,-12.1181670354057,-77.0248215099537
363,100,7,700,-12.1180752399848,-77.0248208076341
364,200,7,1400,-12.1181355927603,-77.0248775676824
365,30,7,210,-12.1181272350339,-77.0249688720707
366,50,7,350,-12.1181047485625,-77.0250019230699
367,10,7,70,-12.1179627350455,-77.0249499037889
368,50,7,350,-12.1183826579911,-77.025101926831
369,20,7,140,-12.1184250185119,-77.0252891776766
370,50,7,350,-12.118641834548,-77.0254090236231
371,8,5,40,-12.1183546940275,-77.0255713263243
372,70,6,420,-12.1183308852279,-77.0250889659362
373,100,6,600,-12.1183093505653,-77.0250941528222
374,80,6,480,-12.1183770103347,-77.0250789992041
375,70,6,420,-12.1184299937318,-77.0251120494561
376,50,5,250,-12.1183939573039,-77.0250622168324
377,90,6,540,-12.1184339263193,-77.0250923159891
378,100,6,600,-12.1183974314182,-77.0249607850815
379,200,5,1000,-12.1183676222828,-77.0253408794091
380,310,5,1550,-12.1183914819365,-77.0254896637211
381,350,4,1400,-12.1183252987515,-77.0254934700303
382,40,6,240,-12.1184256563792,-77.02555321264
383,400,4,1600,-12.118669663889,-77.0255414516553
384,80,7,560,-12.1183240514753,-77.0250002424019
385,50,6,300,-12.1184134440887,-77.0248466664189
386,40,4,160,-12.1185482097868,-77.0246231368852
387,80,7,560,-12.1184634597422,-77.0244951750676
388,80,5,400,-12.1184000202782,-77.0239138239082
389,0,0,0,-12.1183582497756,-77.024075282023
390,0,0,0,-12.1184434451901,-77.0242770065085
391,0,0,0,-12.1184162308475,-77.0243697304189
392,0,0,0,-12.1183705791393,-77.0246832349838
393,30,10,300,-12.1189650663369,-77.0245614426374
394,60,1,60,-12.1190193256531,-77.0245348325791
395,0,0,0,-12.1188285923106,-77.0249428826915
396,50,1,50,-12.11890102768,-77.0253195807073
397,0,0,0,-12.1186456899212,-77.025340190562
398,0,0,0,-12.1185852054861,-77.0256518196775
399,5,1,5,-12.1184774748514,-77.0257077514404
400,8,1,8,-12.1184475908634,-77.0257243488855
401,0,0,0,-12.1183265956933,-77.0256207569187
402,0,0,0,-12.1183856511346,-77.0254265778961
403,0,0,0,-12.1184240280766,-77.0253256319515
404,5,1,5,-12.1184193019644,-77.025217409521
405,15,1,15,-12.118443992924,-77.0247727516611
406,0,0,0,-12.1179296053332,-77.0247483389851
407,20,1,20,-12.1175895330244,-77.0248627539598
408,0,0,0,-12.0168867,-76.9882046
409,0,0,0,-12.016351,-76.988793
410,0,0,0,-12.016514,-76.9879356
411,8,3,24,-12.0156054,-76.9885989
412,0,0,0,-12.0149871,-76.9866087
413,2,2,4,-12.0165022822964,-76.9878370481244
414,5,4,20,-12.0159568531427,-76.9886759664971
415,0,0,0,-12.0255394110243,-77.0013994811295
416,0,0,0,-12.0173596311473,-76.9873363897921
417,0,0,0,-12.0204647484751,-77.0013318981261
418,15,3,45,-12.0233808763452,-76.9861732103552
419,0,0,0,-12.2276285,-76.9740302
420,0,0,0,-12.2305189,-76.9754112
421,0,0,0,-12.225954,-76.971784
422,0,0,0,-12.2265733,-76.9711879
423,4,1,4,-12.2361517,-76.961844
424,0,0,0,-12.2365133,-76.9612404
425,0,0,0,-12.2358861,-76.9608995
426,0,0,0,-12.2382188,-76.9564767
427,0,0,0,-12.2384055,-76.955978
428,0,0,0,-12.2390702,-76.9547923
429,8,1,8,-12.2253381,-76.9730975
430,0,0,0,-12.2272556,-76.9739136
431,0,0,0,-12.2273956,-76.9738733
432,90,2,180,-12.2276129,-76.9740993
433,20,8,160,-12.2300474,-76.975334
434,0,0,0,-12.230703,-76.9754662
435,0,0,0,-12.2273057,-76.9695267
436,0,0,0,-12.2282181,-76.969255
437,0,0,0,-12.2342969,-76.9619656
438,0,0,0,-12.2363922,-76.9605577
439,10,7,70,-12.237469,-76.9576031
440,10,3,30,-12.2383396,-76.9561046
441,0,0,0,-12.2381581,-76.9543745
442,70,7,490,-12.0250021247305,-76.998718679023
443,3,1,3,-12.2182451,-76.944125
444,6,2,12,-12.2179632,-76.9437134
445,0,0,0,-12.216733,-76.9419967
446,0,0,0,-12.2151308,-76.9392397
447,0,0,0,-12.2146782,-76.9385501
448,0,0,0,-12.2156501,-76.9350667
449,0,0,0,-12.2166763,-76.9349354
450,0,0,0,-12.2115067,-76.9388686
451,2,1,2,-12.0109694,-76.9780258
452,60,3,180,-12.0105127,-76.978773
453,5,1,5,-12.0111117,-76.9790913
454,28,1,28,-12.0117046,-76.9792947
455,400,3,1200,-12.0122214,-76.979663
456,0,0,0,-12.0122999,-76.9797935
457,0,0,0,-12.0134659,-76.9813393
458,0,0,0,-12.0127647,-76.9816704
459,0,0,0,-12.0114801,-76.9806338
460,0,0,0,-12.0121403,-76.9812723
461,4,1,4,-12.0120413,-76.9817448
462,0,0,0,-12.0112731,-76.9819845
463,0,0,0,-12.2125308,-76.9412375
464,20,1,20,-12.2133189,-76.9425769
465,0,0,0,-12.2135028,-76.9432817
466,0,0,0,-12.0113282,-76.9824596
467,20,3,60,-12.0114835,-76.9827027
468,500,1,500,-12.0104184,-76.981411
469,0,0,0,-12.0098264,-76.9798749
470,50,6,300,-12.2117884,-76.9443781
471,0,0,0,-12.211653,-76.9444357
472,0,0,0,-12.2124232,-76.9464456
473,0,0,0,-12.2186369,-76.9444391
474,0,0,0,-12.2187066,-76.9437734
475,0,0,0,-12.2180499,-76.9434341
476,20,1,20,-12.2173573,-76.9407967
477,0,0,0,-12.2150932,-76.9391898
478,0,0,0,-12.2150964,-76.9389741
479,0,0,0,-12.2148659,-76.937987
480,0,0,0,-12.2145006,-76.9382098
481,0,0,0,-12.2117642,-76.9392962
482,30,2,60,-12.2128509,-76.9414218
483,0,0,0,-12.2129532,-76.9425132
484,0,0,0,-12.2140054,-76.9436027
485,0,0,0,-12.2120591,-76.9451611
486,0,0,0,-12.2114552,-76.9456828
487,5,1,5,-12.2123356,-76.9452283
488,20,1,20,-12.2125413,-76.9471673
489,15,1,15,-12.2139321,-76.9477714
490,0,0,0,-12.2148971,-76.9468354
491,0,0,0,-12.2186537,-76.9449554
492,0,0,0,-12.2169902,-76.9431732
493,2,1,2,-12.2158001,-76.9406103
494,0,0,0,-12.2157816,-76.9349888
495,40,2,80,-12.2116222,-76.9396523
496,40,1,40,-12.2126905,-76.941426
497,0,0,0,-12.2127612,-76.941701
498,0,0,0,-12.2130552,-76.9429582
499,150,2,300,-12.2127009,-76.9430744
500,0,0,0,-12.211614,-76.9430977
501,2,2,4,-12.2111389,-76.9462223
502,10,2,20,-12.2138046,-76.9355761
503,300,3,900,-12.012568744842,-76.9803836849304
504,0,0,0,-12.0160904852785,-76.9830172789069
505,0,0,0,-12.0178321609385,-76.9843372610183
506,0,0,0,-12.0180320820435,-76.9838192534663
507,0,0,0,-12.0183132402711,-76.9840024039866
508,0,0,0,-12.0183287887015,-76.9837672077836
509,0,0,0,-12.0180132938661,-76.9837692194404
510,0,0,0,-12.0016978,-76.9994067
511,0,0,0,-12.0024078,-76.9986129
512,0,0,0,-12.0024065,-76.9985561
513,0,0,0,-12.0047199,-76.9966748
514,0,0,0,-12.0047261,-76.9966777
515,0,0,0,-12.0051079,-76.997607
516,0,0,0,-12.0049572,-76.9962468
517,0,0,0,-12.004648,-76.9961664
518,0,0,0,-12.0040257,-76.996887
519,0,0,0,-12.0046156,-76.9961284
520,0,0,0,-12.0045963,-76.9959507
521,5,1,5,-12.0045616,-76.9954227
522,0,0,0,-12.0044159,-76.9954128
523,1,2,2,-12.0045628,-76.9944415
524,0,0,0,-12.004624,-76.9944695
525,2,2,4,-12.0042675,-76.9931452
526,5,3,15,-12.005023,-76.9928254
527,5,3,15,-12.0062821,-76.9923816
528,5,3,15,-12.0065308,-76.9922337
529,0,0,0,-12.0069212,-76.992237
530,0,0,0,-12.0074583,-76.9919037
531,3,2,6,-12.0083426,-76.9920604
532,0,0,0,-12.0083242,-76.9920887
533,3,6,18,-12.0085334,-76.9921144
534,0,0,0,-12.003111,-76.9939892
535,0,0,0,-12.0022733,-76.9950446
536,1,6,6,-12.0026407,-76.9952361
537,0,0,0,-12.2248952,-76.9568571
538,0,0,0,-12.2249634,-76.9572334
539,35,6,210,-12.2256786,-76.9583803
540,0,0,0,-12.2255094,-76.9591011
541,35,6,210,-12.2248434,-76.9607608
542,35,6,210,-12.2271259,-76.9607725
543,0,0,0,-12.2258759,-76.9573462
544,0,0,0,-12.2253934,-76.9592172
545,0,0,0,-12.2255094,-76.9593698
546,20,2,40,-12.2270171,-76.9603377
547,10,5,50,-12.2268143,-76.9594855
548,90,2,180,-12.226019,-76.9573603
549,280,7,1960,-12.2260989,-76.9574796
550,0,0,0,-12.2258995,-76.957287
551,0,0,0,-12.2270971,-76.9578208
552,110,2,220,-12.226846,-76.9580354
553,200,2,400,-12.2267816,-76.9606913
554,0,0,0,-12.2261795,-76.9586618
555,18,6,108,-12.2263805,-76.9586638
556,5,1,5,-12.2272784,-76.9579819
557,60,1,60,-12.2270075,-76.9582957
558,0,0,0,-12.2270344,-76.9582524
559,0,0,0,-12.2264024,-76.9581852
560,30,4,120,-12.225943,-76.9572206
561,0,0,0,-12.2244652,-76.9579873
562,20,2,40,-12.2244384,-76.9580274
563,6,6,36,-12.2197176,-76.9449154
564,5,2,10,-12.2195529,-76.9446728
565,0,0,0,-12.2209061,-76.9449675
566,0,0,0,-12.2216929,-76.9453385
567,0,0,0,-12.2220915,-76.9457556
568,0,0,0,-12.2224387,-76.9461948
569,0,0,0,-12.2211911,-76.9448967
570,20,1,20,-12.2223132,-76.9461452
571,0,0,0,-12.2223732,-76.9466319
572,20,2,40,-12.2216959,-76.9475159
573,0,0,0,-12.2233467,-76.9484154
574,30,1,30,-12.221843,-76.9475059
575,18,1,18,-12.2229351,-76.9487072
576,0,0,0,-12.2233976,-76.9502258
577,20,3,60,-12.2234858,-76.9502555
578,20,3,60,-12.2245356,-76.9497021
579,50,2,100,-12.2245545,-76.9496316
580,20,1,20,-12.0105393,-76.9772307
581,0,0,0,-12.0085037,-76.9753215
582,30,6,180,-12.0079052,-76.9753473
583,0,0,0,-12.0026617,-76.997607
584,10,2,20,-12.0016717,-76.9967477
585,10,1,10,-12.0016158,-76.9967671
586,5,2,10,-12.0018677,-76.9969069
587,0,0,0,-12.0035377,-77.0013022
588,0,0,0,-12.0087912,-76.9753469
589,0,0,0,-12.0076025,-76.9750146
590,0,0,0,-12.0084461,-76.9759081
591,45,3,135,-12.0086373,-76.9767988
592,50,7,350,-12.0012514,-76.9861437
593,24,6,144,-12.0009736,-76.9857732
594,0,0,0,-12.0016284,-76.9855921
595,0,0,0,-12.0017291,-76.9856071
596,0,0,0,-12.0099224,-76.9768488
597,40,3,120,-12.0012944,-76.9857206
598,15,4,60,-12.0019007,-76.9856227
599,10,3,30,-12.0024209,-76.985376
600,10,3,30,-12.0024173,-76.9853923
601,40,3,120,-12.0039867,-76.9849793
602,18,2,36,-12.0047292,-76.9847364
603,21,2,42,-12.0023212,-76.9847343
604,20,3,60,-12.0011079,-76.9839779
605,0,0,0,-12.0003189,-76.9828159
606,13,6,78,-12.0006659,-76.982243
607,30,2,60,-12.0011104,-76.9864759
608,0,0,0,-12.0011036,-76.9863319
609,0,0,0,-12.0017935,-76.9859228
610,60,1,60,-12.0019853,-76.9862953
611,60,1,60,-12.0021199,-76.9862103
612,0,0,0,-12.0015669,-76.9861614
613,0,0,0,-12.0018255,-76.9865405
614,0,0,0,-12.0023846,-76.9867927
615,0,0,0,-12.0025803,-76.986527
616,0,0,0,-12.0029613,-76.9866311
617,0,0,0,-12.0024506,-76.987365
618,0,0,0,-12.0027499,-76.9872053
